{
  "cards": [
    {
      "level": 0,
      "frontText": "Zoo",
      "backText": "Zoo",
      "completed": false
    },
    {
      "level": 0,
      "frontText": "schön, hübsch",
      "backText": "beautiful",
      "completed": false
    },
    {
      "level": 0,
      "frontText": "hinter",
      "backText": "behind",
      "completed": false
    },
    {
      "level": 0,
      "frontText": "groß",
      "backText": "big",
      "completed": false
    },
    {
      "level": 0,
      "frontText": "vor",
      "backText": "in front of",
      "completed": false
    },
    {
      "level": 0,
      "frontText": "neben",
      "backText": "next to",
      "completed": false
    },
    {
      "level": 0,
      "frontText": "jetzt",
      "backText": "now",
      "completed": false
    },
    {
      "level": 0,
      "frontText": "auf",
      "backText": "on",
      "completed": false
    },
    {
      "level": 0,
      "frontText": "es gibt, da ist",
      "backText": "there is (there's)",
      "completed": false
    },
    {
      "level": 0,
      "frontText": "es gibt, da sind",
      "backText": "there are",
      "completed": false
    },
    {
      "level": 0,
      "frontText": "Baum",
      "backText": "tree",
      "completed": false
    },
    {
      "level": 0,
      "frontText": "unter",
      "backText": "under",
      "completed": false
    },
    {
      "level": 0,
      "frontText": "Was ist los?",
      "backText": "What is it?",
      "completed": false
    },
    {
      "level": 0,
      "frontText": "wo",
      "backText": "where",
      "completed": false
    },
    {
      "level": 0,
      "frontText": "klein",
      "backText": "small",
      "completed": false
    },
    {
      "level": 0,
      "frontText": "Erwachsene/r",
      "backText": "adult",
      "completed": false
    },
    {
      "level": 0,
      "frontText": "bei; an; hier: in",
      "backText": "at",
      "completed": false
    },
    {
      "level": 0,
      "frontText": "(mit-)bringen",
      "backText": "to bring",
      "completed": false
    },
    {
      "level": 0,
      "frontText": "aber",
      "backText": "but",
      "completed": false
    },
    {
      "level": 0,
      "frontText": "füttern",
      "backText": "to feed",
      "completed": false
    },
    {
      "level": 0,
      "frontText": "(Reise-)Führer/in",
      "backText": "guide",
      "completed": false
    },
    {
      "level": 0,
      "frontText": "herumlaufen",
      "backText": "to run around",
      "completed": false
    },
    {
      "level": 0,
      "frontText": "Zug",
      "backText": "train",
      "completed": false
    },
    {
      "level": 0,
      "frontText": "zu; bis; vor; hier: in",
      "backText": "to",
      "completed": false
    },
    {
      "level": 0,
      "frontText": "willkommen",
      "backText": "welcome",
      "completed": false
    },
    {
      "level": 0,
      "frontText": "aus",
      "backText": "from",
      "completed": false
    },
    {
      "level": 0,
      "frontText": "Jahr; Jahrgangsstufe",
      "backText": "year",
      "completed": false
    },
    {
      "level": 0,
      "frontText": "er",
      "backText": "he",
      "completed": false
    },
    {
      "level": 0,
      "frontText": "sie",
      "backText": "she",
      "completed": false
    },
    {
      "level": 0,
      "frontText": "sprechen, sich unterhalten",
      "backText": "to talk",
      "completed": false
    },
    {
      "level": 0,
      "frontText": "sie",
      "backText": "they",
      "completed": false
    },
    {
      "level": 0,
      "frontText": "wir",
      "backText": "we",
      "completed": false
    },
    {
      "level": 0,
      "frontText": "für",
      "backText": "for",
      "completed": false
    },
    {
      "level": 0,
      "frontText": "glücklich, fröhlich; zufrieden",
      "backText": "happy",
      "completed": false
    },
    {
      "level": 0,
      "frontText": "jemanden herauslassen",
      "backText": "to let somebody out",
      "completed": false
    },
    {
      "level": 0,
      "frontText": "uns",
      "backText": "us",
      "completed": false
    },
    {
      "level": 0,
      "frontText": "Auto",
      "backText": "car",
      "completed": false
    },
    {
      "level": 0,
      "frontText": "Endlich.",
      "backText": "At last.",
      "completed": false
    },
    {
      "level": 0,
      "frontText": "Wie komisch!",
      "backText": "How strange!",
      "completed": false
    },
    {
      "level": 0,
      "frontText": "Lass mich mal schauen.",
      "backText": "Let me see.",
      "completed": false
    },
    {
      "level": 0,
      "frontText": "Stein",
      "backText": "stone",
      "completed": false
    }
  ],
  "isSpacedRepetition": true,
  "isTranslationEnabled": true,
  "isTutorial": false,
  "name": "More! 1 - UNIT 2"
}