{
  "cards": [
    {
      "level": 0,
      "frontText": "Zoo",
      "backText": "Zoo\r\n\r\n- There are many animals in the zoo.",
      "completed": false
    },
    {
      "level": 0,
      "frontText": "schön, hübsch",
      "backText": "beautiful\r\n\r\n- The parrot is blue and yellow. It’s beautiful.",
      "completed": false
    },
    {
      "level": 0,
      "frontText": "hinter",
      "backText": "behind\r\n\r\n- The chair is behind the desk.",
      "completed": false
    },
    {
      "level": 0,
      "frontText": "groß",
      "backText": "big\r\n\r\n- There’s a big giraffe.",
      "completed": false
    },
    {
      "level": 0,
      "frontText": "vor",
      "backText": "in front of\r\n\r\n- The tree is in front of you.",
      "completed": false
    },
    {
      "level": 0,
      "frontText": "neben",
      "backText": "next to\r\n\r\n- The parrot is next to the monkeys.",
      "completed": false
    },
    {
      "level": 0,
      "frontText": "jetzt",
      "backText": "now\r\n\r\n- Where is it now?",
      "completed": false
    },
    {
      "level": 0,
      "frontText": "auf",
      "backText": "on\r\n\r\n- Look! The parrot is on Buddy now.",
      "completed": false
    },
    {
      "level": 0,
      "frontText": "es gibt, da ist",
      "backText": "there is (there’s)\r\n\r\n- There’s a book on my desk.",
      "completed": false
    },
    {
      "level": 0,
      "frontText": "es gibt, da sind",
      "backText": "there are\r\n\r\n- There are three books on my desk.",
      "completed": false
    },
    {
      "level": 0,
      "frontText": "Baum",
      "backText": "tree\r\n\r\n- The monkeys are behind the tree.",
      "completed": false
    },
    {
      "level": 0,
      "frontText": "unter",
      "backText": "under\r\n\r\n- There’s a book under my desk.",
      "completed": false
    },
    {
      "level": 0,
      "frontText": "Was ist los?",
      "backText": "What is it?",
      "completed": false
    },
    {
      "level": 0,
      "frontText": "wo",
      "backText": "where\r\n\r\n- Where is it?",
      "completed": false
    },
    {
      "level": 0,
      "frontText": "klein",
      "backText": "small\r\n\r\n- The monkey isn’t big. It’s small.",
      "completed": false
    },
    {
      "level": 0,
      "frontText": "Erwachsene/r",
      "backText": "adult\r\n\r\n- Adults are £14.40.",
      "completed": false
    },
    {
      "level": 0,
      "frontText": "bei; an; hier: in",
      "backText": "at\r\n\r\n- The children are at the zoo.",
      "completed": false
    },
    {
      "level": 0,
      "frontText": "(mit-)bringen",
      "backText": "to bring\r\n\r\n- Can I bring my dog, Buddy?",
      "completed": false
    },
    {
      "level": 0,
      "frontText": "aber",
      "backText": "but\r\n\r\n- Dogs are welcome. But they can’t run around.",
      "completed": false
    },
    {
      "level": 0,
      "frontText": "füttern",
      "backText": "to feed\r\n\r\n- Let’s go and feed the penguins.",
      "completed": false
    },
    {
      "level": 0,
      "frontText": "(Reise-)Führer/in",
      "backText": "guide\r\n\r\n- Listen to the guide.",
      "completed": false
    },
    {
      "level": 0,
      "frontText": "herumlaufen",
      "backText": "to run around\r\n\r\n- Dogs are welcome, but they can’t run around.",
      "completed": false
    },
    {
      "level": 0,
      "frontText": "Zug",
      "backText": "train\r\n\r\n- Let’s go on a train",
      "completed": false
    },
    {
      "level": 0,
      "frontText": "zu; bis; vor; hier: in",
      "backText": "to\r\n\r\n- Welcome to the wildlife park!",
      "completed": false
    },
    {
      "level": 0,
      "frontText": "willkommen",
      "backText": "welcome\r\n\r\n- Welcome to London.",
      "completed": false
    },
    {
      "level": 0,
      "frontText": "aus",
      "backText": "from\r\n\r\n- They are from California.",
      "completed": false
    },
    {
      "level": 0,
      "frontText": "Jahr; Jahrgangsstufe",
      "backText": "year\r\n\r\n- I’m in Year 7.",
      "completed": false
    },
    {
      "level": 0,
      "frontText": "er",
      "backText": "he\r\n\r\n- He likes animals.",
      "completed": false
    },
    {
      "level": 0,
      "frontText": "sie",
      "backText": "she\r\n\r\n- She is from England.",
      "completed": false
    },
    {
      "level": 0,
      "frontText": "sprechen, sich unterhalten",
      "backText": "to talk\r\n\r\n- Talk about the boys and girls.",
      "completed": false
    },
    {
      "level": 0,
      "frontText": "sie",
      "backText": "they\r\n\r\n- Rahim and Sue are 11. They are from Manchester.",
      "completed": false
    },
    {
      "level": 0,
      "frontText": "wir",
      "backText": "we\r\n\r\n- We’re Sophie and John.",
      "completed": false
    },
    {
      "level": 0,
      "frontText": "für",
      "backText": "for\r\n\r\n- Here’s a chant for you.",
      "completed": false
    },
    {
      "level": 0,
      "frontText": "glücklich, fröhlich; zufrieden",
      "backText": "happy\r\n\r\n- Buddy is happy.",
      "completed": false
    },
    {
      "level": 0,
      "frontText": "jemanden herauslassen",
      "backText": "to let somebody out\r\n\r\n- Let us out!",
      "completed": false
    },
    {
      "level": 0,
      "frontText": "uns",
      "backText": "us\r\n\r\n- Can you see us?",
      "completed": false
    },
    {
      "level": 0,
      "frontText": "Auto",
      "backText": "car\r\n\r\n- The parrot is in the car.",
      "completed": false
    },
    {
      "level": 0,
      "frontText": "Endlich.",
      "backText": "At last.",
      "completed": false
    },
    {
      "level": 0,
      "frontText": "Wie komisch!",
      "backText": "How strange!",
      "completed": false
    },
    {
      "level": 0,
      "frontText": "Lass mich mal schauen.",
      "backText": "Let me see.",
      "completed": false
    },
    {
      "level": 0,
      "frontText": "Stein",
      "backText": "stone\r\n\r\n- Colour your stone.",
      "completed": false
    }
  ],
  "isSpacedRepetition": true,
  "isTranslationEnabled": true,
  "isTutorial": false,
  "name": "More! 1 - UNIT 2"
}