{
  "cards": [
    {
      "level": 0,
      "frontText": "Fleisch",
      "backText": "meat\r\n\r\n- I am vegetarian: I never eat meat.",
      "completed": false
    },
    {
      "level": 0,
      "frontText": "Schinken",
      "backText": "ham\r\n\r\n- On the weekend, I sometimes have ham and eggs for breakfast.",
      "completed": false
    },
    {
      "level": 0,
      "frontText": "gesund",
      "backText": "healthy\r\n\r\n- A lot of junk food isn’t healthy.",
      "completed": false
    },
    {
      "level": 0,
      "frontText": "mögen",
      "backText": "to like\r\n\r\n- I like orange juice.",
      "completed": false
    },
    {
      "level": 0,
      "frontText": "Das ist nett.",
      "backText": "That’s nice.",
      "completed": false
    },
    {
      "level": 0,
      "frontText": "immer",
      "backText": "always\r\n\r\n- They always have pizza for dinner.",
      "completed": false
    },
    {
      "level": 0,
      "frontText": "Frühstück",
      "backText": "breakfast\r\n\r\n- We have eggs for breakfast.",
      "completed": false
    },
    {
      "level": 0,
      "frontText": "Land",
      "backText": "country\r\n\r\n- My grandparents live in the country, but I live in the city.",
      "completed": false
    },
    {
      "level": 0,
      "frontText": "Nachtisch",
      "backText": "dessert\r\n\r\n- For dessert, I like rice pudding.",
      "completed": false
    },
    {
      "level": 0,
      "frontText": "Familie",
      "backText": "family\r\n\r\n- My family and I live in Austria.",
      "completed": false
    },
    {
      "level": 0,
      "frontText": "Obst; Frucht",
      "backText": "fruit\r\n\r\n- He likes lots of fruit for breakfast.",
      "completed": false
    },
    {
      "level": 0,
      "frontText": "Großeltern",
      "backText": "grandparents\r\n\r\n- My grandparents live in the country.",
      "completed": false
    },
    {
      "level": 0,
      "frontText": "Mittagessen",
      "backText": "lunch\r\n\r\n- We often have curry for lunch.",
      "completed": false
    },
    {
      "level": 0,
      "frontText": "nie, niemals",
      "backText": "never\r\n\r\n- She never eats meat. She’s a vegetarian.",
      "completed": false
    },
    {
      "level": 0,
      "frontText": "oft, häufig",
      "backText": "often\r\n\r\n- They often have bread for breakfast.",
      "completed": false
    },
    {
      "level": 0,
      "frontText": "setzen, legen, stellen",
      "backText": "to put\r\n\r\n- We put fish and vegetables on the rice paper.",
      "completed": false
    },
    {
      "level": 0,
      "frontText": "manchmal",
      "backText": "sometimes\r\n\r\n- We sometimes have fish for lunch.",
      "completed": false
    },
    {
      "level": 0,
      "frontText": "Eintopf",
      "backText": "stew\r\n\r\n- When we have vegetables (and meat) at home, my mum cooks a stew.",
      "completed": false
    },
    {
      "level": 0,
      "frontText": "gewöhnlich, normalerweise",
      "backText": "usually\r\n\r\n- She usually has bread for breakfast.",
      "completed": false
    },
    {
      "level": 0,
      "frontText": "Gemüse",
      "backText": "vegetables (veggies)\r\n\r\n- I like veggies, I mean vegetables.",
      "completed": false
    },
    {
      "level": 0,
      "frontText": "bester Freund / beste Freundin",
      "backText": "best friend\r\n\r\n- I like John best. He’s my best friend.",
      "completed": false
    },
    {
      "level": 0,
      "frontText": "Tofu",
      "backText": "tofu\r\n\r\n- I like meat, but sometimes I also eat tofu.",
      "completed": false
    },
    {
      "level": 0,
      "frontText": "Rindfleisch",
      "backText": "beef\r\n\r\n- I often eat chicken, but I really don’t like beef.",
      "completed": false
    },
    {
      "level": 0,
      "frontText": "Ich weiß es nicht.",
      "backText": "I don’t know.",
      "completed": false
    },
    {
      "level": 0,
      "frontText": "Ich bin mir nicht sicher.",
      "backText": "I’m not sure.",
      "completed": false
    },
    {
      "level": 0,
      "frontText": "Geschenk",
      "backText": "present\r\n\r\n- The vase is a good present for Mum.",
      "completed": false
    }
  ],
  "isSpacedRepetition": true,
  "isTranslationEnabled": true,
  "isTutorial": false,
  "name": "More! 1 - UNIT 7"
}