{
  "cards": [
    {
      "level": 0,
      "frontText": "Loch",
      "backText": "hole",
      "completed": false
    },
    {
      "level": 0,
      "frontText": "(irgend-)etwas",
      "backText": "anything",
      "completed": false
    },
    {
      "level": 0,
      "frontText": "(sich) ausleihen",
      "backText": "to borrow",
      "completed": false
    },
    {
      "level": 0,
      "frontText": "passen",
      "backText": "to fit",
      "completed": false
    },
    {
      "level": 0,
      "frontText": "anprobieren",
      "backText": "to try on",
      "completed": false
    },
    {
      "level": 0,
      "frontText": "wehtun, schmerzen",
      "backText": "to hurt",
      "completed": false
    },
    {
      "level": 0,
      "frontText": "Gedicht",
      "backText": "poem",
      "completed": false
    },
    {
      "level": 0,
      "frontText": "kitzeln",
      "backText": "to tickle",
      "completed": false
    },
    {
      "level": 0,
      "frontText": "jemand",
      "backText": "somebody",
      "completed": false
    },
    {
      "level": 0,
      "frontText": "rückwärts",
      "backText": "backwards",
      "completed": false
    },
    {
      "level": 0,
      "frontText": "aufregend",
      "backText": "exciting",
      "completed": false
    },
    {
      "level": 0,
      "frontText": "heute Abend",
      "backText": "tonight",
      "completed": false
    },
    {
      "level": 0,
      "frontText": "Pferd",
      "backText": "horse",
      "completed": false
    },
    {
      "level": 0,
      "frontText": "Gebäude",
      "backText": "building",
      "completed": false
    },
    {
      "level": 0,
      "frontText": "Lass(t) uns verschwinden.",
      "backText": "Let's get out of here.",
      "completed": false
    }
  ],
  "isSpacedRepetition": true,
  "isTranslationEnabled": true,
  "isTutorial": false,
  "name": "More! 1 - UNIT 8"
}