{
  "cards": [
    {
      "level": 0,
      "frontText": "Fleisch",
      "backText": "meat",
      "completed": false
    },
    {
      "level": 0,
      "frontText": "Schinken",
      "backText": "ham",
      "completed": false
    },
    {
      "level": 0,
      "frontText": "gesund",
      "backText": "healthy",
      "completed": false
    },
    {
      "level": 0,
      "frontText": "mögen",
      "backText": "to like",
      "completed": false
    },
    {
      "level": 0,
      "frontText": "Das ist nett.",
      "backText": "That's nice.",
      "completed": false
    },
    {
      "level": 0,
      "frontText": "immer",
      "backText": "always",
      "completed": false
    },
    {
      "level": 0,
      "frontText": "Frühstück",
      "backText": "breakfast",
      "completed": false
    },
    {
      "level": 0,
      "frontText": "Land",
      "backText": "country",
      "completed": false
    },
    {
      "level": 0,
      "frontText": "Nachtisch",
      "backText": "dessert",
      "completed": false
    },
    {
      "level": 0,
      "frontText": "Familie",
      "backText": "family",
      "completed": false
    },
    {
      "level": 0,
      "frontText": "Obst; Frucht",
      "backText": "fruit",
      "completed": false
    },
    {
      "level": 0,
      "frontText": "Großeltern",
      "backText": "grandparents",
      "completed": false
    },
    {
      "level": 0,
      "frontText": "Mittagessen",
      "backText": "lunch",
      "completed": false
    },
    {
      "level": 0,
      "frontText": "nie, niemals",
      "backText": "never",
      "completed": false
    },
    {
      "level": 0,
      "frontText": "oft, häufig",
      "backText": "often",
      "completed": false
    },
    {
      "level": 0,
      "frontText": "setzen, legen, stellen",
      "backText": "to put",
      "completed": false
    },
    {
      "level": 0,
      "frontText": "manchmal",
      "backText": "sometimes",
      "completed": false
    },
    {
      "level": 0,
      "frontText": "Eintopf",
      "backText": "stew",
      "completed": false
    },
    {
      "level": 0,
      "frontText": "gewöhnlich, normalerweise",
      "backText": "usually",
      "completed": false
    },
    {
      "level": 0,
      "frontText": "Gemüse",
      "backText": "vegetables (veggies)",
      "completed": false
    },
    {
      "level": 0,
      "frontText": "bester Freund / beste Freundin",
      "backText": "best friend",
      "completed": false
    },
    {
      "level": 0,
      "frontText": "Tofu",
      "backText": "tofu",
      "completed": false
    },
    {
      "level": 0,
      "frontText": "Rindfleisch",
      "backText": "beef",
      "completed": false
    },
    {
      "level": 0,
      "frontText": "Ich weiß es nicht.",
      "backText": "I don't know.",
      "completed": false
    },
    {
      "level": 0,
      "frontText": "Ich bin mir nicht sicher.",
      "backText": "I'm not sure.",
      "completed": false
    },
    {
      "level": 0,
      "frontText": "Geschenk",
      "backText": "present",
      "completed": false
    }
  ],
  "isSpacedRepetition": true,
  "isTranslationEnabled": true,
  "isTutorial": false,
  "name": "More! 1 - UNIT 7"
}