{
  "cards": [
    {
      "level": 0,
      "frontText": "klettern",
      "backText": "to climb\r\n\r\n- Sherlock Groans climbs up a tree.",
      "completed": false
    },
    {
      "level": 0,
      "frontText": "hüpfen",
      "backText": "to jump\r\n\r\n- A bird jumps on Sherlock Groans' head.",
      "completed": false
    },
    {
      "level": 0,
      "frontText": "verlassen, weggehen",
      "backText": "to leave\r\n\r\n- Doctor Grey leaves the office.",
      "completed": false
    },
    {
      "level": 0,
      "frontText": "Spiegel",
      "backText": "mirror\r\n\r\n- There is a mirror on a wall.",
      "completed": false
    },
    {
      "level": 0,
      "frontText": "aufsetzen, anziehen",
      "backText": "to put on\r\n\r\n- Sherlock puts his hat on.",
      "completed": false
    },
    {
      "level": 0,
      "frontText": "lächeln",
      "backText": "to smile\r\n\r\n- He smiles in the mirror.",
      "completed": false
    },
    {
      "level": 0,
      "frontText": "abnehmen, ausziehen",
      "backText": "to take off\r\n\r\n- He takes off his hat.",
      "completed": false
    },
    {
      "level": 0,
      "frontText": "weg",
      "backText": "away\r\n\r\n- Go away!",
      "completed": false
    },
    {
      "level": 0,
      "frontText": "(welt-)bester/beste/bestes",
      "backText": "(world's) best\r\n\r\n- Sherlock Groans is the world's best detective!",
      "completed": false
    },
    {
      "level": 0,
      "frontText": "Detektiv/Detektivin",
      "backText": "detective\r\n\r\n- He's the world's best detective.",
      "completed": false
    },
    {
      "level": 0,
      "frontText": "Hilf mir!",
      "backText": "Help me!",
      "completed": false
    },
    {
      "level": 0,
      "frontText": "suchen",
      "backText": "to look for\r\n\r\n- He looks for his hat in the park.",
      "completed": false
    },
    {
      "level": 0,
      "frontText": "alt",
      "backText": "old\r\n\r\n- His skateboard isn't new. It's very old.",
      "completed": false
    },
    {
      "level": 0,
      "frontText": "aufheben",
      "backText": "to pick up\r\n\r\n- He picks up the hat.",
      "completed": false
    },
    {
      "level": 0,
      "frontText": "hinausrennen (aus)",
      "backText": "to run out (of)\r\n\r\n- Sherlock runs out of the office.",
      "completed": false
    },
    {
      "level": 0,
      "frontText": "(die StraRe) hinunterlaufen",
      "backText": "to run down (the street)\r\n\r\n- Sherlock runs down the street.",
      "completed": false
    },
    {
      "level": 0,
      "frontText": "finden",
      "backText": "to find\r\n\r\n- The dog finds Sherlock Groans.",
      "completed": false
    },
    {
      "level": 0,
      "frontText": "ziehen",
      "backText": "to pull\r\n\r\n- The dog pulls Sherlock Groans out of the river.",
      "completed": false
    },
    {
      "level": 0,
      "frontText": "fangen; erwischen; festnehmen",
      "backText": "to catch\r\n\r\n- He always catches the bad people.",
      "completed": false
    },
    {
      "level": 0,
      "frontText": "klug, schlau",
      "backText": "clever\r\n\r\n- Sherlock is really clever.",
      "completed": false
    },
    {
      "level": 0,
      "frontText": "(zu etwas) hinkommen",
      "backText": "to come to\r\n\r\n- He comes to a park.",
      "completed": false
    },
    {
      "level": 0,
      "frontText": "leben, wohnen",
      "backText": "to live\r\n\r\n- Peter lives in London.",
      "completed": false
    },
    {
      "level": 0,
      "frontText": "Pfeife",
      "backText": "pipe\r\n\r\n- Sherlock often has a pipe in his mouth.",
      "completed": false
    },
    {
      "level": 0,
      "frontText": "rauchen",
      "backText": "to smoke\r\n\r\n- Groans smokes a pipe.",
      "completed": false
    },
    {
      "level": 0,
      "frontText": "Geige",
      "backText": "violin\r\n\r\n- He can play the violin.",
      "completed": false
    },
    {
      "level": 0,
      "frontText": "tragen",
      "backText": "to wear\r\n\r\n- Trevor wears a black hat.",
      "completed": false
    },
    {
      "level": 0,
      "frontText": "viel/e, jede Menge",
      "backText": "a lot of / lots of\r\n\r\n- There are lots of beautiful trees in the park.",
      "completed": false
    },
    {
      "level": 0,
      "frontText": "(an-)rufen",
      "backText": "to call\r\n\r\n- Sherlock Groans calls Doctor Grey.",
      "completed": false
    },
    {
      "level": 0,
      "frontText": "Komm(t) jetzt!, Mach(t) schon!",
      "backText": "Come on!",
      "completed": false
    },
    {
      "level": 0,
      "frontText": "lösen",
      "backText": "to solve\r\n\r\n- Detectives solve problems.",
      "completed": false
    },
    {
      "level": 0,
      "frontText": "warten",
      "backText": "to wait\r\n\r\n- But ... wait ... what's that?",
      "completed": false
    },
    {
      "level": 0,
      "frontText": "beobachten, zuschauen",
      "backText": "to watch\r\n\r\n- He watches the people in the streets.",
      "completed": false
    },
    {
      "level": 0,
      "frontText": "Straße",
      "backText": "street\r\n\r\n- Anna lives in York Street.",
      "completed": false
    },
    {
      "level": 0,
      "frontText": "aufstehen",
      "backText": "to get up\r\n\r\n- He gets up at 7 o'clock in the morning.",
      "completed": false
    },
    {
      "level": 0,
      "frontText": "werden",
      "backText": "to become\r\n\r\n- Emma becomes a tiger.",
      "completed": false
    },
    {
      "level": 0,
      "frontText": "Aber es stimmt!",
      "backText": "But it's true!",
      "completed": false
    },
    {
      "level": 0,
      "frontText": "weitermachen; Erzahl weiter!",
      "backText": "Go on.",
      "completed": false
    },
    {
      "level": 0,
      "frontText": "Gut gemacht.",
      "backText": "Well done.",
      "completed": false
    }
  ],
  "isSpacedRepetition": true,
  "isTranslationEnabled": true,
  "isTutorial": false,
  "name": "More! 1 - UNIT 6"
}