{
  "cards": [
    {
      "level": 0,
      "frontText": "fester Freund",
      "backText": "boyfriend\r\n\r\n- Jack is her boyfriend.",
      "completed": false
    },
    {
      "level": 0,
      "frontText": "sein/e; ihr/e",
      "backText": "its\r\n\r\n- This is my band. Its name is Project 11.",
      "completed": false
    },
    {
      "level": 0,
      "frontText": "spielen",
      "backText": "to play\r\n\r\n- They play the guitar.",
      "completed": false
    },
    {
      "level": 0,
      "frontText": "Schwester",
      "backText": "sister\r\n\r\n- Jessica is my sister.",
      "completed": false
    },
    {
      "level": 0,
      "frontText": "können; nicht können",
      "backText": "can; cannot / can’t\r\n\r\n- She can play the drums. He can’t sing.",
      "completed": false
    },
    {
      "level": 0,
      "frontText": "Konzert",
      "backText": "concert\r\n\r\n- Let’s go to the concert tomorrow.",
      "completed": false
    },
    {
      "level": 0,
      "frontText": "tanzen",
      "backText": "to dance\r\n\r\n- Let’s dance to the music!",
      "completed": false
    },
    {
      "level": 0,
      "frontText": "Keine Sorge.",
      "backText": "Don’t worry.",
      "completed": false
    },
    {
      "level": 0,
      "frontText": "Arbeit; Aufgabe",
      "backText": "job\r\n\r\n- She has a good job.",
      "completed": false
    },
    {
      "level": 0,
      "frontText": "perfekt",
      "backText": "perfect\r\n\r\n- The job is perfect for you.",
      "completed": false
    },
    {
      "level": 0,
      "frontText": "tragen",
      "backText": "to carry\r\n\r\n- Can you carry my guitar?",
      "completed": false
    },
    {
      "level": 0,
      "frontText": "auf etwas stehen",
      "backText": "to stand on\r\n\r\n- I can stand on my head.",
      "completed": false
    },
    {
      "level": 0,
      "frontText": "Zunge",
      "backText": "tongue\r\n\r\n- He can touch his nose with his tongue.",
      "completed": false
    },
    {
      "level": 0,
      "frontText": "berühren",
      "backText": "to touch\r\n\r\n- Please don’t touch my guitar.",
      "completed": false
    },
    {
      "level": 0,
      "frontText": "auf etwas gehen",
      "backText": "to walk on\r\n\r\n- Can you walk on your hands?",
      "completed": false
    },
    {
      "level": 0,
      "frontText": "wackeln",
      "backText": "to wiggle\r\n\r\n- He can wiggle his ears.",
      "completed": false
    },
    {
      "level": 0,
      "frontText": "Dose",
      "backText": "can\r\n\r\n- Look, he carries fifteen cans.",
      "completed": false
    },
    {
      "level": 0,
      "frontText": "trinken",
      "backText": "to drink\r\n\r\n- I can’t drink fifteen cans.",
      "completed": false
    },
    {
      "level": 0,
      "frontText": "hundert",
      "backText": "hundred\r\n\r\n- Can you eat a hundred apples?",
      "completed": false
    },
    {
      "level": 0,
      "frontText": "in einem Zug, auf einmal",
      "backText": "in one go\r\n\r\n- Can you drink five cans in one go?",
      "completed": false
    },
    {
      "level": 0,
      "frontText": "Ach wirklich?",
      "backText": "Is that so?",
      "completed": false
    },
    {
      "level": 0,
      "frontText": "Das bin ich.",
      "backText": "This is me.",
      "completed": false
    },
    {
      "level": 0,
      "frontText": "Wirtschaft",
      "backText": "economy\r\n\r\n- The economy is the world of money.",
      "completed": false
    },
    {
      "level": 0,
      "frontText": "Krankenhaus",
      "backText": "hospital\r\n\r\n- The Clown Doctors go to hospitals and help children.",
      "completed": false
    },
    {
      "level": 0,
      "frontText": "lachen",
      "backText": "to laugh\r\n\r\n- They make children laugh.",
      "completed": false
    },
    {
      "level": 0,
      "frontText": "(Taschen-)Geld",
      "backText": "(pocket) money\r\n\r\n- I get my pocket money from my mum and dad.",
      "completed": false
    },
    {
      "level": 0,
      "frontText": "Pfund",
      "backText": "pound\r\n\r\n- A cup of apple juice is 2 pounds.",
      "completed": false
    },
    {
      "level": 0,
      "frontText": "Gewinn, Profit",
      "backText": "profit\r\n\r\n- It’s 120 pounds. That’s my profit.",
      "completed": false
    },
    {
      "level": 0,
      "frontText": "Schulkantine",
      "backText": "school canteen\r\n\r\n- We have apple juice in our school canteen.",
      "completed": false
    },
    {
      "level": 0,
      "frontText": "Tisch",
      "backText": "table\r\n\r\n- I put a table in our playground.",
      "completed": false
    },
    {
      "level": 0,
      "frontText": "Lehrer/Lehrerin",
      "backText": "teacher\r\n\r\n- Mr Davis is my teacher at school.",
      "completed": false
    },
    {
      "level": 0,
      "frontText": "Onkel",
      "backText": "uncle\r\n\r\n- My uncle is my dad’s brother.",
      "completed": false
    },
    {
      "level": 0,
      "frontText": "waschen",
      "backText": "to wash\r\n\r\n- I wash my mum’s car.",
      "completed": false
    },
    {
      "level": 0,
      "frontText": "nichts",
      "backText": "nothing\r\n\r\n- There’s nothing in the garden.",
      "completed": false
    },
    {
      "level": 0,
      "frontText": "Entschuldigung?, Wie bitte?",
      "backText": "Sorry?",
      "completed": false
    }
  ],
  "isSpacedRepetition": true,
  "isTranslationEnabled": true,
  "isTutorial": false,
  "name": "More! 1 - UNIT 5"
}