{
  "cards": [
    {
      "level": 0,
      "frontText": "nach",
      "backText": "after",
      "completed": false
    },
    {
      "level": 0,
      "frontText": "Tag",
      "backText": "day",
      "completed": false
    },
    {
      "level": 0,
      "frontText": "Ende",
      "backText": "end",
      "completed": false
    },
    {
      "level": 0,
      "frontText": "Spaß",
      "backText": "fun",
      "completed": false
    },
    {
      "level": 0,
      "frontText": "Geh weg!",
      "backText": "Go away!",
      "completed": false
    },
    {
      "level": 0,
      "frontText": "helfen",
      "backText": "to help",
      "completed": false
    },
    {
      "level": 0,
      "frontText": "zu/nach Hause; Zuhause",
      "backText": "home",
      "completed": false
    },
    {
      "level": 0,
      "frontText": "Es hat keinen Zweck.",
      "backText": "It's no good.",
      "completed": false
    },
    {
      "level": 0,
      "frontText": "Mama, Mutti",
      "backText": "mum",
      "completed": false
    },
    {
      "level": 0,
      "frontText": "nächster/nächste/nächstes",
      "backText": "next",
      "completed": false
    },
    {
      "level": 0,
      "frontText": "immer noch (nicht)",
      "backText": "still (not)",
      "completed": false
    },
    {
      "level": 0,
      "frontText": "ein Tag im Leben von",
      "backText": "a day in the life of",
      "completed": false
    },
    {
      "level": 0,
      "frontText": "schlafen",
      "backText": "to be asleep",
      "completed": false
    },
    {
      "level": 0,
      "frontText": "früh",
      "backText": "early",
      "completed": false
    },
    {
      "level": 0,
      "frontText": "Leben",
      "backText": "life (pl lives)",
      "completed": false
    },
    {
      "level": 0,
      "frontText": "Mittagspause",
      "backText": "lunchtime",
      "completed": false
    },
    {
      "level": 0,
      "frontText": "Sonne",
      "backText": "sun",
      "completed": false
    },
    {
      "level": 0,
      "frontText": "Geht's dir/euch/Ihnen gut?",
      "backText": "Are you OK?",
      "completed": false
    },
    {
      "level": 0,
      "frontText": "Hausaufgaben",
      "backText": "homework (no pl)",
      "completed": false
    },
    {
      "level": 0,
      "frontText": "in (... hinein)",
      "backText": "into",
      "completed": false
    },
    {
      "level": 0,
      "frontText": "Du meine Güte!",
      "backText": "Oh dear!",
      "completed": false
    },
    {
      "level": 0,
      "frontText": "Zimmer, Raum",
      "backText": "room",
      "completed": false
    },
    {
      "level": 0,
      "frontText": "warum",
      "backText": "why",
      "completed": false
    },
    {
      "level": 0,
      "frontText": "schlecht, böse",
      "backText": "bad",
      "completed": false
    },
    {
      "level": 0,
      "frontText": "Komm(t) nicht zu spät., Sei(d) pünktlich.",
      "backText": "Don't be late.",
      "completed": false
    },
    {
      "level": 0,
      "frontText": "morgen",
      "backText": "tomorrow",
      "completed": false
    },
    {
      "level": 0,
      "frontText": "Geburtstag",
      "backText": "birthday",
      "completed": false
    },
    {
      "level": 0,
      "frontText": "Freund/Freundin",
      "backText": "friend",
      "completed": false
    },
    {
      "level": 0,
      "frontText": "Sei du selbst.",
      "backText": "Be yourself.",
      "completed": false
    },
    {
      "level": 0,
      "frontText": "niemand anders",
      "backText": "no one else",
      "completed": false
    },
    {
      "level": 0,
      "frontText": "Flasche",
      "backText": "bottle",
      "completed": false
    },
    {
      "level": 0,
      "frontText": "zurückholen, zurückbekommen",
      "backText": "to get back",
      "completed": false
    },
    {
      "level": 0,
      "frontText": "wütend, zornig",
      "backText": "mad",
      "completed": false
    },
    {
      "level": 0,
      "frontText": "magisch",
      "backText": "magic",
      "completed": false
    },
    {
      "level": 0,
      "frontText": "stehlen; ausrauben",
      "backText": "to rob",
      "completed": false
    },
    {
      "level": 0,
      "frontText": "(zer-)brechen",
      "backText": "to break",
      "completed": false
    },
    {
      "level": 0,
      "frontText": "schlafen gehen",
      "backText": "to go to sleep",
      "completed": false
    },
    {
      "level": 0,
      "frontText": "weil",
      "backText": "because",
      "completed": false
    },
    {
      "level": 0,
      "frontText": "Ich bin's.",
      "backText": "It's me.",
      "completed": false
    },
    {
      "level": 0,
      "frontText": "Versuch es!",
      "backText": "Try it!",
      "completed": false
    },
    {
      "level": 0,
      "frontText": "Lass(t) los!",
      "backText": "Let go!",
      "completed": false
    },
    {
      "level": 0,
      "frontText": "Was ist (hier) los?",
      "backText": "What's happening?",
      "completed": false
    }
  ],
  "isSpacedRepetition": true,
  "isTranslationEnabled": true,
  "isTutorial": false,
  "name": "More! 1 - UNIT 4"
}