{
  "cards": [
    {
      "level": 0,
      "frontText": "auch",
      "backText": "also",
      "completed": false
    },
    {
      "level": 0,
      "frontText": "berühmt",
      "backText": "famous",
      "completed": false
    },
    {
      "level": 0,
      "frontText": "ihm/ihn",
      "backText": "him",
      "completed": false
    },
    {
      "level": 0,
      "frontText": "sein/e",
      "backText": "his",
      "completed": false
    },
    {
      "level": 0,
      "frontText": "Schiff",
      "backText": "ship",
      "completed": false
    },
    {
      "level": 0,
      "frontText": "Angst haben (vor)",
      "backText": "to be scared (of)",
      "completed": false
    },
    {
      "level": 0,
      "frontText": "sehr",
      "backText": "very",
      "completed": false
    },
    {
      "level": 0,
      "frontText": "stark, kräftig",
      "backText": "strong",
      "completed": false
    },
    {
      "level": 0,
      "frontText": "Kapitän",
      "backText": "captain",
      "completed": false
    },
    {
      "level": 0,
      "frontText": "haben",
      "backText": "have got / has got",
      "completed": false
    },
    {
      "level": 0,
      "frontText": "hübsch",
      "backText": "pretty",
      "completed": false
    },
    {
      "level": 0,
      "frontText": "violett, lila",
      "backText": "purple",
      "completed": false
    },
    {
      "level": 0,
      "frontText": "viel/e",
      "backText": "a lot of / lots of",
      "completed": false
    },
    {
      "level": 0,
      "frontText": "Bett",
      "backText": "bed",
      "completed": false
    },
    {
      "level": 0,
      "frontText": "Traum",
      "backText": "dream",
      "completed": false
    },
    {
      "level": 0,
      "frontText": "müde",
      "backText": "tired",
      "completed": false
    },
    {
      "level": 0,
      "frontText": "raten",
      "backText": "to guess",
      "completed": false
    },
    {
      "level": 0,
      "frontText": "Du bist an der Reihe.",
      "backText": "It's your turn.",
      "completed": false
    },
    {
      "level": 0,
      "frontText": "Bruder",
      "backText": "brother",
      "completed": false
    },
    {
      "level": 0,
      "frontText": "blond",
      "backText": "blonde",
      "completed": false
    },
    {
      "level": 0,
      "frontText": "echt; wirklich",
      "backText": "real",
      "completed": false
    },
    {
      "level": 0,
      "frontText": "klein",
      "backText": "short",
      "completed": false
    },
    {
      "level": 0,
      "frontText": "groß",
      "backText": "tall",
      "completed": false
    },
    {
      "level": 0,
      "frontText": "falsch, nicht in Ordnung",
      "backText": "wrong",
      "completed": false
    },
    {
      "level": 0,
      "frontText": "Gute Idee.",
      "backText": "Good idea.",
      "completed": false
    },
    {
      "level": 0,
      "frontText": "wahr",
      "backText": "true",
      "completed": false
    }
  ],
  "isSpacedRepetition": true,
  "isTranslationEnabled": true,
  "isTutorial": false,
  "name": "More! 1 - UNIT 3"
}