{
  "cards": [
    {
      "level": 0,
      "frontText": "Loch",
      "backText": "hole\r\n\r\n- Have your jeans got holes in them?",
      "completed": false
    },
    {
      "level": 0,
      "frontText": "(irgend-)etwas",
      "backText": "anything\r\n\r\n- Is there anything in the box?",
      "completed": false
    },
    {
      "level": 0,
      "frontText": "(sich) ausleihen",
      "backText": "to borrow\r\n\r\n- Can I borrow your sweater tomorrow?",
      "completed": false
    },
    {
      "level": 0,
      "frontText": "passen",
      "backText": "to fit\r\n\r\n- These jeans don’t fit.",
      "completed": false
    },
    {
      "level": 0,
      "frontText": "anprobieren",
      "backText": "to try on\r\n\r\n- Can I try these trousers on?",
      "completed": false
    },
    {
      "level": 0,
      "frontText": "wehtun, schmerzen",
      "backText": "to hurt\r\n\r\n- My head hurts!",
      "completed": false
    },
    {
      "level": 0,
      "frontText": "Gedicht",
      "backText": "poem\r\n\r\n- He likes to write poems.",
      "completed": false
    },
    {
      "level": 0,
      "frontText": "kitzeln",
      "backText": "to tickle\r\n\r\n- Please don’t tickle me!",
      "completed": false
    },
    {
      "level": 0,
      "frontText": "jemand",
      "backText": "somebody\r\n\r\n- There’s somebody behind the bushes.",
      "completed": false
    },
    {
      "level": 0,
      "frontText": "rückwärts",
      "backText": "backwards\r\n\r\n- I can spell the word backwards too.",
      "completed": false
    },
    {
      "level": 0,
      "frontText": "aufregend",
      "backText": "exciting\r\n\r\n- It’s a very exciting costume.",
      "completed": false
    },
    {
      "level": 0,
      "frontText": "heute Abend",
      "backText": "tonight\r\n\r\n- They all want to win the big prize tonight.",
      "completed": false
    },
    {
      "level": 0,
      "frontText": "Pferd",
      "backText": "horse\r\n\r\n- She rides her horse at weekends.",
      "completed": false
    },
    {
      "level": 0,
      "frontText": "Gebäude",
      "backText": "building\r\n\r\n- The children go into the building.",
      "completed": false
    },
    {
      "level": 0,
      "frontText": "Lass(t) uns verschwinden.",
      "backText": "Let’s get out of here.",
      "completed": false
    }
  ],
  "isSpacedRepetition": true,
  "isTranslationEnabled": true,
  "isTutorial": false,
  "name": "More! 1 - UNIT 8"
}